"","V1"
"rs1387412",2.9936065856084
"rs1489360",1.42960853486953
"rs11774323",3.01635635152376
"rs16881260",1.42960853486953
"rs7009162",1.3706868475313
"rs923433",2.97982523209763
"rs1489361",1.35189918817167
"rs6469328",1.35189918817167
"rs16881313",1.35189918817167
"rs2171707",2.97982523209763
"rs6996166",1.22962795965202
"rs10088693",2.94241287745524
"rs931410",2.94241287745524
"rs6469329",1.24603582405225
"rs6469330",2.94241287745524
"rs11991405",1.34726499570347
"rs11785408",3.02495527020863
"rs1546013",1.34158183267498
"rs4448249",1.34158183267498
"rs1489354",1.34158183267498
"rs10113434",4.37682563878928
"rs7388152",1.34158183267498
"rs10955548",4.19701837148593
"rs4289849",4.23623819479462
"rs12546759",4.04668964098208
"rs7463960",1.35984202969769
"rs10955554",1.34158183267498
"rs7388644",1.34158183267498
"rs13269197",4.37682563878928
"rs6469334",1.34158183267498
"rs7819770",4.44413791009497
"rs6469336",1.34158183267498
"rs4876347",4.49452718730088
"rs9649932",1.34158183267498
"rs10095358",4.37682563878928
"rs6469337",1.34158183267498
"rs11779737",1.35984202969769
"rs4493937",3.26420819061386
"rs10106643",2.97069723393462
"rs12681879",9.26266201270394
"rs1427188",3.15119534249021
"rs2114555",9.61653103233574
"rs2052801",9.96541007194053
"rs13278392",9.66826811137491
"rs4876280",9.74602767589314
"rs10104030",9.74602767589314
"rs1896238",6.96013881989045
"rs13264102",9.66304087043311
"rs4352877",10.1502913895542
"rs12543233",1.54719054633022
"rs1365727",10.0917989145634
"rs10091361",10.0917989145634
"rs11781492",-4.15335960743322
"rs1427169",10.1502913895542
"rs16881541",10.0786190407755
"rs9693916",3.26070988303694
"rs10111397",10.0786190407755
"rs10102552",10.1502913895542
"rs1549550",10.1380173822833
"rs1427171",10.1985144652539
"rs3906482",10.1353349207636
"rs4515575",10.1353349207636
"rs1365732",10.1353349207636
"rs17586873",-4.33281757283706
"rs7017740",10.1985144652539
"rs2351551",10.1985144652539
"rs2217144",10.1380173822833
"rs1593667",10.1380173822833
"rs3021375",10.1380173822833
"rs890564",10.1380173822833
"rs890565",10.1985144652539
"rs2512404",10.1985144652539
"rs1427190",10.0668863659726
"rs1427193",10.2361800266306
"rs960209",10.1380173822833
"rs1863663",10.1380173822833
"rs2433665",10.1380173822833
"rs2195066",10.1376260691415
"rs1427181",10.9511900520107
"rs17516585",-7.5333915914236
"rs41481550",3.51496358581728
"rs7843740",10.5120051605165
"rs16881787",10.5120051605165
"rs4074825",3.51496358581728
"rs12676370",10.5257749274601
"rs4332164",5.41097183237128
"rs12678842",10.5257749274601
"rs4593575",3.70822371635048
"rs7009852",3.66877109269122
"rs4501609",11.0508435838684
"rs13250058",13.2785031342233
"rs9643057",10.8245447326509
"rs4504665",7.20316561759051
"rs12675941",11.0722317972962
"rs10104559",13.985232296385
"rs4588886",7.23288221750353
"rs10102107",13.8709843829215
"rs10110311",13.7040317292155
"rs4288405",7.07151882275462
"rs4876333",10.8263220155769
